{
  "onlyfan-all": {
    "timestamp": 1743955562.1493113,
    "results": []
  },
  "onlyfans-all": {
    "timestamp": 1743955981.7283437,
    "results": []
  }
}